0023,36.1736,-81.7458,gmt,NCEM,Watauga River near Foscoe Intellisense,river,us,nc,Watauga,0101000020E6100000D656EC2FBB6F54C0F54A598638164240
0043,34.633611,-79.037778,gmt,NCEM,Lumber River at WTP Intake,river,us,nc,Robeson,0101000020E610000088A06AF46AC253C064B14D2A1A514140
0048,36.215135,-81.682531,gmt,NCEM,Boone Cr. at Rivers St at Appalachian State,river,us,nc,Watauga,0101000020E610000065E08096AE6B54C0CB9C2E8B891B4240
0204382800,36.42,-76.34,gmt,USGS,Pasquotank River near South Mills,river,us,nc,Pasquotank,0101000020E6100000F6285C8FC21553C0F6285C8FC2354240
02053200,36.371287,-77.025904,gmt,USGS,Potecasi Creek near Union,river,us,nc,Hertford,0101000020E61000007A354069A84153C009371955862F4240
02053500,36.28,-76.99,gmt,USGS,Ahoskie Creek at Ahoskie,river,us,nc,Hertford,0101000020E61000008FC2F5285C3F53C0A4703D0AD7234240
02068500,36.51,-80.3,gmt,USGS,Dan River near Francisco,river,us,nc,Stokes,0101000020E610000033333333331354C0E17A14AE47414240
02069000,36.319171,-80.0524665,gmt,USGS,"DAN RIVER AT PINE HALL, NC",river,us,nc,Stokes,0101000020E6100000AD68739C5B0354C0726A6798DA284240
02070500,36.53,-79.99,gmt,USGS,Mayo River near Price,river,us,nc,Rockingham,0101000020E61000008FC2F5285CFF53C0A4703D0AD7434240
02071000,36.41,-79.82,gmt,USGS,Dan River near Wentworth,river,us,nc,Rockingham,0101000020E610000014AE47E17AF453C014AE47E17A344240
02074000,36.52,-79.76,gmt,USGS,Smith River at Eden,river,us,nc,Rockingham,0101000020E6100000713D0AD7A3F053C0C3F5285C8F424240
02077200,36.397808,-79.196661,gmt,USGS,Hyco Creek near Leasburg,river,us,nc,Caswell,0101000020E610000084D9041896CC53C0280B5F5FEB324240
02077280,36.51167,-79.04722,gmt,USGS,"HYCO LAKE AT DAM NR ROXBORO, NC",river,us,nc,Person,0101000020E6100000E5ED08A705C353C0132C0E677E414240
0207730290,36.522251,-78.997613,gmt,USGS,Aftbay Res near Mcgehees Mill,river,us,nc,Person,0101000020E6100000204432E4D8BF53C0D2A6EA1ED9424240
02077303,36.522486,-78.997222,gmt,USGS,Hyco River Bl Abay D near Mcgehees Mill,river,us,nc,Person,0101000020E61000008236397CD2BF53C0164F3DD2E0424240
02077670,36.54,-78.87,gmt,USGS,Mayo Cr near Bethel Hill,river,us,nc,Person,0101000020E610000048E17A14AEB753C085EB51B81E454240
02080500,36.46,-77.63,gmt,USGS,Roanoke River at Roanoke Rapids,river,us,nc,Northampton,0101000020E6100000B81E85EB516853C07B14AE47E13A4240
0208062765,36.331163,-77.580213,gmt,USGS,"ROANOKE RIVER AT HALIFAX, NC",river,us,nc,Halifax,0101000020E6100000B3EDB435226553C09752978C632A4240
02081000,36.209167,-77.38389,gmt,USGS,"ROANOKE RIVER NEAR SCOTLAND NECK, NC",river,us,nc,Halifax,0101000020E6100000BBD05CA7915853C08333F8FBC51A4240
02081022,36.013611,-77.215278,gmt,USGS,"ROANOKE RIVER NEAR OAK CITY, NC",river,us,nc,Martin,0101000020E61000001763601DC74D53C0D4EE5701BE014240
02081028,35.947281,-77.202727,gmt,USGS,"ROANOKE RIVER AT HAMILTON, NC",river,us,nc,Martin,0101000020E610000009C1AA7AF94C53C0A38FF98040F94140
02081054,35.8597,-77.0403,gmt,USGS,Roanoke River at Williamston,river,us,nc,Martin,0101000020E6100000D8817346944253C0832F4CA60AEE4140
02081094,35.812964,-76.893084,gmt,USGS,"ROANOKE RIVER AT JAMESVILLE, NC",river,us,nc,Martin,0101000020E61000002D25CB49283953C0A56950340FE84140
0208111310,36.04,-76.98,gmt,USGS,Cashie River at SR1257 near Windsor,river,us,nc,Bertie,0101000020E61000001F85EB51B83E53C085EB51B81E054240
0208114150,35.915,-76.722778,gmt,USGS,"ROANOKE RIVER AT NC 45 NR WESTOVER, NC",river,us,nc,Washington,0101000020E61000002C11A8FE412E53C085EB51B81EF54140
02081500,36.19,-78.58,gmt,USGS,Tar River near Tar River,river,us,nc,Granville,0101000020E610000085EB51B81EA553C0B81E85EB51184240
02081747,36.09,-78.29,gmt,USGS,Tar River at Us 401 at Louisburg,river,us,nc,Franklin,0101000020E6100000C3F5285C8F9253C0EC51B81E850B4240
02081942,35.882086,-78.089539,gmt,USGS,TAR R. AT NC-581 NEAR SPRING HOPE,river,us,nc,Nash,0101000020E6100000DC2DC901BB8553C03621AD31E8F04140
0208250410,35.899722,-77.884444,gmt,USGS,Tar River Below Dam near Langley Crossroads,river,us,nc,Nash,0101000020E61000002EC901BB9A7853C0F0BE2A172AF34140
02082585,35.95,-77.78,gmt,USGS,Tar River at  97 at Rocky Mount,river,us,nc,Edgecombe,0101000020E610000052B81E85EB7153C09A99999999F94140
02082770,36.11,-77.92,gmt,USGS,Swift Creek at Hilliardston,river,us,nc,Nash,0101000020E61000007B14AE47E17A53C0AE47E17A140E4240
02082950,36.18,-77.87,gmt,USGS,Little Fishing Cr nr White Oak,river,us,nc,Halifax,0101000020E610000048E17A14AE7753C0D7A3703D0A174240
02083000,36.15,-77.69,gmt,USGS,Fishing Creek near Enfield,river,us,nc,Edgecombe,0101000020E61000005C8FC2F5286C53C03333333333134240
02083500,35.89,-77.53,gmt,USGS,Tar River at Tarboro,river,us,nc,Edgecombe,0101000020E610000052B81E85EB6153C052B81E85EBF14140
02084000,35.61,-77.37,gmt,USGS,Tar River at Greenville,river,us,nc,Pitt,0101000020E610000048E17A14AE5753C0AE47E17A14CE4140
02084160,35.56,-77.23,gmt,USGS,Chicod Cr at SR1760 near Simpson,river,us,nc,Pitt,0101000020E61000001F85EB51B84E53C048E17A14AEC74140
02084472,35.5433333,-77.0619444,gmt,USGS,Pamlico River at Washington,river,us,nc,Beaufort,0101000020E6100000E70AA5E5F64353C0F42911F28BC54140
02084557,35.730643,-76.746216,gmt,USGS,Van Swamp near Hoke,river,us,nc,Washington,0101000020E610000020F0C000C22F53C09206B7B585DD4140
02085000,36.07,-79.09,gmt,USGS,Eno River at Hillsborough,river,us,nc,Orange,0101000020E6100000F6285C8FC2C553C0295C8FC2F5084240
02085039,36.0594167,-78.978083,gmt,USGS,ENO RIVER AT COLE MILL RD NR HUCKLEBERRY SPRING,river,us,nc,Durham,0101000020E6100000827170E998BE53C00AAB67F79A074240
02085070,36.07,-78.9,gmt,USGS,Eno River near Durham,river,us,nc,Durham,0101000020E61000009A99999999B953C0295C8FC2F5084240
0208521324,36.14,-78.91,gmt,USGS,Little River at SR1461 near Orange Factory,river,us,nc,Durham,0101000020E61000000AD7A3703DBA53C052B81E85EB114240
0208524090,36.14,-78.89,gmt,USGS,Mountain Cr at SR1617 near Bahama,river,us,nc,Durham,0101000020E6100000295C8FC2F5B853C052B81E85EB114240
0208524975,36.113346,-78.859765,gmt,USGS,Little River Bl Little River Trib at Fairntosh,river,us,nc,Durham,0101000020E6100000B54FC76306B753C0F390291F820E4240
02085500,36.18,-78.87,gmt,USGS,Flat River at Bahama,river,us,nc,Durham,0101000020E610000048E17A14AEB753C0D7A3703D0A174240
02086500,36.14,-78.82,gmt,USGS,Flat River at Dam near Bahama,river,us,nc,Durham,0101000020E610000014AE47E17AB453C052B81E85EB114240
02086624,36.127794,-78.798643,gmt,USGS,Knap Of Reeds Creek near Butner,river,us,nc,Granville,0101000020E61000007A8B87F71CB353C00150C58D5B104240
0208675010,36.01,-78.89,gmt,USGS,Ellerbe Ck at Club Bvld Durham,river,us,nc,Durham,0101000020E6100000295C8FC2F5B853C0E17A14AE47014240
02086849,36.059279,-78.832692,gmt,USGS,Ellerbe Creek near Gorman,river,us,nc,Durham,0101000020E610000003E962D34AB553C0772B4B7496074240
0208700550,35.9823,-78.8245,gmt,USGS,"LITTLE LICK CREEK AT NC HWY 98 AT OAK GROVE, NC",river,us,nc,Durham,0101000020E610000054E3A59BC4B453C02F6EA301BCFD4140
0208706575,36.0236,-78.6892,gmt,USGS,"BEAVERDAM CREEK AT DAM NEAR CREEDMOOR, NC",river,us,nc,Wake,0101000020E6100000CE1951DA1BAC53C0C217265305034240
02087182,35.9411,-78.5833,gmt,USGS,"FALLS LAKE ABOVE DAM NR FALLS, NC",river,us,nc,Wake,0101000020E61000006FF085C954A553C0FF21FDF675F84140
02087183,35.94,-78.58,gmt,USGS,Neuse River near Falls,river,us,nc,Wake,0101000020E610000085EB51B81EA553C0B81E85EB51F84140
0208726005,35.84,-78.72,gmt,USGS,Crabtree Cr at Ebenezer Ch Rd near Rah,river,us,nc,Wake,0101000020E6100000AE47E17A14AE53C0EC51B81E85EB4140
02087275,35.83,-78.67,gmt,USGS,"Crabtree Ck at Hwy 70, Raleigh",river,us,nc,Wake,0101000020E61000007B14AE47E1AA53C00AD7A3703DEA4140
0208731190,35.8211,-78.6342,gmt,USGS,Crabtree Ck at Anderson Dr at Rah,river,us,nc,Wake,0101000020E6100000E3C798BB96A853C0705F07CE19E94140
02087322,35.8158,-78.6261,gmt,USGS,Crabtree Cr at Old Wake Forest Rd Rah,river,us,nc,Wake,0101000020E6100000A301BC0512A853C0D50968226CE84140
02087324,35.81,-78.61,gmt,USGS,Crabtree Creek at Us 1 at Raleigh,river,us,nc,Wake,0101000020E6100000D7A3703D0AA753C048E17A14AEE74140
0208732534,35.787583,-78.654733,gmt,USGS,"Pigeon House Cr at Cameron Village, Ral",river,us,nc,Wake,0101000020E61000002AA73D25E7A953C05AF10D85CFE44140
0208732885,35.81,-78.59,gmt,USGS,Marsh Creek near New Hope,river,us,nc,Wake,0101000020E6100000F6285C8FC2A553C048E17A14AEE74140
02087337,35.77295,-78.736953,gmt,USGS,Walnut Cr. at Buck Jones Rd. at Raleigh,river,us,nc,Wake,0101000020E61000001A6CEA3C2AAF53C0BBB88D06F0E24140
02087339,35.762703,-78.705578,gmt,USGS,Lake Johnson above dam at Raleigh NC,river,us,nc,Wake,0101000020E6100000BCB1A03028AD53C0D2C77C40A0E14140
0208734210,35.768389,-78.691,gmt,USGS,"Walnut Cr. at Trailwood Dr. at Raleigh, NC",river,us,nc,Wake,0101000020E61000004E62105839AC53C096CD1C925AE24140
0208734795,35.756889,-78.640611,gmt,USGS,"Walnut Cr. at South Wilmington St. at Raleigh, NC",river,us,nc,Wake,0101000020E61000004E9D47C5FFA853C0E0D91EBDE1E04140
0208735012,35.779886,-78.666442,gmt,USGS,Rocky Br Below Pullen Dr at Rah,river,us,nc,Wake,0101000020E610000093AB58FCA6AA53C0DB4DF04DD3E34140
0208735460,35.757889,-78.623833,gmt,USGS,"Walnut Cr. at South State St at Raleigh,",river,us,nc,Wake,0101000020E6100000994A3FE1ECA753C0C37FBA8102E14140
02087359,35.75,-78.58,gmt,USGS,"Walnut Ck at Sunnybrook Dr, Raleigh",river,us,nc,Wake,0101000020E610000085EB51B81EA553C00000000000E04140
02087500,35.64,-78.4,gmt,USGS,Neuse River near Clayton,river,us,nc,Johnston,0101000020E61000009A999999999953C052B81E85EBD14140
02087570,35.5125,-78.3494,gmt,USGS,Neuse River at Smithfield,river,us,nc,Johnston,0101000020E61000003C4ED1915C9653C09A99999999C14140
02087580,35.71,-78.75,gmt,USGS,Swift Creek near Apex,river,us,nc,Wake,0101000020E61000000000000000B053C07B14AE47E1DA4140
0208758850,35.69,-78.69,gmt,USGS,Swift Ck near Mccullars Crossroads,river,us,nc,Wake,0101000020E61000005C8FC2F528AC53C0B81E85EB51D84140
0208773375,35.575,-78.4986,gmt,USGS,"SWIFT CREEK AT SR1555 NEAR CLAYTON, NC",river,us,nc,Johnston,0101000020E61000004772F90FE99F53C09A99999999C94140
02088000,35.57,-78.59,gmt,USGS,Middle Creek near Clayton,river,us,nc,Johnston,0101000020E6100000F6285C8FC2A553C0295C8FC2F5C84140
02088383,35.821944,-78.3522,gmt,USGS,"LITTLE RIVER NEAR ZEBULON, NC",river,us,nc,Wake,0101000020E6100000AD69DE718A9653C05C92037635E94140
02088500,35.51,-78.16,gmt,USGS,Little River near Princeton,river,us,nc,Johnston,0101000020E61000000AD7A3703D8A53C0E17A14AE47C14140
02089000,35.33,-77.99,gmt,USGS,Neuse River near Goldsboro,river,us,nc,Wayne,0101000020E61000008FC2F5285C7F53C00AD7A3703DAA4140
02089500,35.25,-77.58,gmt,USGS,Neuse River at Kinston,river,us,nc,Lenoir,0101000020E610000085EB51B81E6553C00000000000A04140
02090380,35.69,-78.1,gmt,USGS,Contentnea Creek near Lucama,river,us,nc,Wilson,0101000020E610000066666666668653C0B81E85EB51D84140
02090504,35.668882,-77.910496,gmt,USGS,"Contentnea Creek Near Black Creek, NC",river,us,nc,Wilson,0101000020E6100000E2C80391457A53C00971E5EC9DD54140
02091000,35.48,-77.8,gmt,USGS,Nahunta Swamp near Shine,river,us,nc,Greene,0101000020E610000033333333337353C03D0AD7A370BD4140
02091500,35.42,-77.58,gmt,USGS,Contentnea Creek at Hookerton,river,us,nc,Greene,0101000020E610000085EB51B81E6553C0F6285C8FC2B54140
02091814,35.31388889,-77.30277778,gmt,USGS,Neuse River near Fort Barnwell,river,us,nc,Craven,0101000020E61000008DC30DB6605353C05A90DA822DA84140
0209205053,35.23083,-77.11389,gmt,USGS,"SWIFT CREEK AT HWY 43 NR STREETS FERRY, NC",river,us,nc,Craven,0101000020E6100000DA5548F9494753C0C47762D68B9D4140
02092500,35.06,-77.46,gmt,USGS,Trent River near Trenton,river,us,nc,Jones,0101000020E61000003D0AD7A3705D53C048E17A14AE874140
02092554,35.01,-78.218889,gmt,USGS,Trent R. at Pollocksville,river,us,nc,Jones,0101000020E6100000111D0247028E53C0E17A14AE47814140
02093000,34.84,-77.51,gmt,USGS,New River near Gum Branch,river,us,nc,Onslow,0101000020E6100000713D0AD7A36053C0EC51B81E856B4140
02093800,36.1725,-79.9528,gmt,USGS,"REEDY FORK NEAR OAK RIDGE, NC",river,us,nc,Guilford,0101000020E61000003EE8D9ACFAFC53C0AE47E17A14164240
02093877,36.12,-79.92,gmt,USGS,Brush Ck at Muirfield Rd Greensboro,river,us,nc,Guilford,0101000020E61000007B14AE47E1FA53C08FC2F5285C0F4240
0209399200,36.13,-79.86,gmt,USGS,Horsepen Cr at Us 220 near Greensboro,river,us,nc,Guilford,0101000020E6100000D7A3703D0AF753C0713D0AD7A3104240
02094500,36.173075,-79.614199,gmt,USGS,Reedy Fork near Gibsonville,river,us,nc,Guilford,0101000020E6100000198F52094FE753C0AA60545227164240
02094659,36.04,-79.85,gmt,USGS,S Buffalo Cr near Pomona,river,us,nc,Guilford,0101000020E61000006666666666F653C085EB51B81E054240
02094770,36.03,-79.79,gmt,USGS,"S. Buffalo Ck at Us 220, Greensboro",river,us,nc,Guilford,0101000020E6100000C3F5285C8FF253C0A4703D0AD7034240
02094775,36.030821,-79.796208,gmt,USGS,"Ryan Creek Below Us 220, Greensboro",river,us,nc,Guilford,0101000020E610000011346612F5F253C0D88349F1F1034240
02095000,36.06,-79.72,gmt,USGS,S Buffalo Cr near Greensboro,river,us,nc,Guilford,0101000020E6100000AE47E17A14EE53C048E17A14AE074240
02095181,36.07,-79.81,gmt,USGS,"N Buffalo Cr at Westover Terr,Greensboro,",river,us,nc,Guilford,0101000020E6100000A4703D0AD7F353C0295C8FC2F5084240
02095271,36.09,-79.78,gmt,USGS,"N Buffalo Ck at Church St, Greensboro",river,us,nc,Guilford,0101000020E610000052B81E85EBF153C0EC51B81E850B4240
02095500,36.12,-79.7,gmt,USGS,N Buffalo Ck near Greensboro,river,us,nc,Guilford,0101000020E6100000CDCCCCCCCCEC53C08FC2F5285C0F4240
0209553650,36.128163,-79.661612,gmt,USGS,Buffalo Ck at SR2819 near Mcleansville,river,us,nc,Guilford,0101000020E610000009A9DBD957EA53C054C72AA567104240
02096500,36.08,-79.36,gmt,USGS,Haw River at Haw River,river,us,nc,Alamance,0101000020E6100000D7A3703D0AD753C00AD7A3703D0A4240
02096846,35.98727,-79.206165,gmt,USGS,Cane Creek near Orange Grove,river,us,nc,Orange,0101000020E61000001C25AFCE31CD53C0352905DD5EFE4140
02096960,35.76,-79.13,gmt,USGS,Haw River near Bynum,river,us,nc,Chatham,0101000020E6100000B81E85EB51C853C0E17A14AE47E14140
0209722970,35.98333,-78.956968,gmt,USGS,Sandy Ck at Cornwallis Rd near Durham,river,us,nc,Durham,0101000020E610000063D4B5F63EBD53C07D96E7C1DDFD4140
0209725960,35.95118,-78.926941,gmt,USGS,"THIRD FORK CREEK AT M.L. KING PARKWAY AT DURHAM,NC",river,us,nc,Durham,0101000020E61000009414580053BB53C0FD4D2844C0F94140
02097280,35.92,-78.95,gmt,USGS,3Rd Frk Cr at Woodcroft Pkwy,river,us,nc,Durham,0101000020E6100000CDCCCCCCCCBC53C0F6285C8FC2F54140
02097314,35.884864,-78.965601,gmt,USGS,New Hope Creek near Blands,river,us,nc,Durham,0101000020E610000009FF2268CCBD53C031B43A3943F14140
0209734440,35.9223056,-79.066,gmt,USGS,"BOLIN CREEK AT VILLAGE DRIVE AT CHAPEL HILL, NC",river,us,nc,Orange,0101000020E61000004E62105839C453C07675221C0EF64140
0209741387,35.91539,-78.893523,gmt,USGS,"NORTHEAST CREEK TRIB AT SR1182 NR LOWES GROVE, NC",river,us,nc,Durham,0101000020E610000053CE177B2FB953C0F08AE07F2BF54140
0209741955,35.872355,-78.913051,gmt,USGS,Northeast Creek at SR1100 near Genlee,river,us,nc,Durham,0101000020E61000002025766D6FBA53C044C02154A9EF4140
02097464,35.923623,-79.115057,gmt,USGS,Morgan Creek near White Cross,river,us,nc,Orange,0101000020E6100000410B09185DC753C0AD6A494739F64140
02097517,35.8933333,-79.0197222,gmt,USGS,Morgan Creek near Chapel Hill,river,us,nc,Orange,0101000020E61000005500E72043C153C0C1F6DDBE58F24140
0209782609,35.76,-78.92,gmt,USGS,White Oak Cr at Mouth near Green Level,river,us,nc,Wake,0101000020E61000007B14AE47E1BA53C0E17A14AE47E14140
02098197,35.6547,-79.0683,gmt,USGS,"B. EVERETT JORDAN LAKE AT DAM NR MONCURE, NC",river,us,nc,Chatham,0101000020E61000004694F6065FC453C07958A835CDD34140
02098206,35.632,-79.06,gmt,USGS,"HAW RIVER NEAR MONCURE, NC",river,us,nc,Chatham,0101000020E6100000A4703D0AD7C353C037894160E5D04140
02099000,36.03,-79.94,gmt,USGS,E Fork Deep River near High Point,river,us,nc,Guilford,0101000020E61000005C8FC2F528FC53C0A4703D0AD7034240
02100500,35.72,-79.65,gmt,USGS,Deep River at Ramseur,river,us,nc,Randolph,0101000020E61000009A99999999E953C05C8FC2F528DC4140
0210166029,35.806997,-79.527536,gmt,USGS,Rocky River at SR1300 Crutchfield Crossrds,river,us,nc,Chatham,0101000020E61000009CDD5A26C3E153C02D7C7DAD4BE74140
02101726,35.735,-79.425522,gmt,USGS,"ROCKY R AT US 64 NEAR SILER CITY, NC",river,us,nc,Chatham,0101000020E6100000A06EA0C03BDB53C0AE47E17A14DE4140
02101800,35.659761,-79.401667,gmt,USGS,Tick Ck near Mount Vernon Springs,river,us,nc,Chatham,0101000020E61000007A3881E9B4D953C09016670C73D44140
02102000,35.62,-79.11,gmt,USGS,Deep River at Moncure,river,us,nc,Lee,0101000020E6100000D7A3703D0AC753C08FC2F5285CCF4140
02102192,35.559757,-78.973545,gmt,USGS,Buckhorn Creek near Corinth,river,us,nc,Chatham,0101000020E6100000CC0BB08F4EBE53C0815A0C1EA6C74140
02102500,35.4,-78.81,gmt,USGS,Cape Fear River at Lillington,river,us,nc,Harnett,0101000020E6100000A4703D0AD7B353C03333333333B34140
02102908,35.18,-79.17,gmt,USGS,Flat Creek near Inverness,river,us,nc,Hoke,0101000020E61000007B14AE47E1CA53C0D7A3703D0A974140
02103000,35.19,-78.98,gmt,USGS,Little River at Manchester,river,us,nc,Cumberland,0101000020E61000001F85EB51B8BE53C0B81E85EB51984140
0210382325,35.064582,-78.890662,gmt,USGS,"Cross Creek at Blue Street at Fayetteville, NC",river,us,nc,Cumberland,0101000020E61000008F72309B00B953C084F4143944884140
0210398250,35.0443,-78.890156,gmt,USGS,Blounts Creek at Winslow Street at Fayetteville NC,river,us,nc,Cumberland,0101000020E6100000A515DF50F8B853C03D9B559FAB854140
02104000,35.0505556,-78.8583333,gmt,USGS,Cape Fear River at Fayetteville,river,us,nc,Cumberland,0101000020E61000005624CBEEEEB653C099501C9B78864140
02104220,34.99,-79.21,gmt,USGS,Rockfish Creek at Raeford,river,us,nc,Hoke,0101000020E61000003D0AD7A370CD53C01F85EB51B87E4140
02105500,34.84,-78.82,gmt,USGS,"CAPE FEAR R AT WILM O HUSKE LOCK NR TARHEEL, NC",river,us,nc,Bladen,0101000020E610000014AE47E17AB453C0EC51B81E856B4140
02105544,34.626944,-78.578889,gmt,USGS-Temp,"CAPE FEAR RIVER AT LOCK 2 NEAR ELIZABETHTOWN, NC",river,us,nc,Bladen,0101000020E6100000E8C072840CA553C0333674B33F504140
02105769,34.4,-78.29,gmt,USGS,Cape Fear River at Lock #1 near Kelly,river,us,nc,Bladen,0101000020E6100000C3F5285C8F9253C03333333333334140
02106500,34.75,-78.28,gmt,USGS,Black River near Tomahawk,river,us,nc,Sampson,0101000020E610000052B81E85EB9153C00000000000604140
02108000,34.830532,-77.832421,gmt,USGS,NE Cape Fear River near Chinquapin,river,us,nc,Duplin,0101000020E61000003BE0BA62467553C0072461DF4E6A4140
02108566,34.5983,-77.8753,gmt,USGS,Northeast Cape Fear River near Burgaw,river,us,nc,Pender,0101000020E6100000158C4AEA047853C031992A18954C4140
02108619,34.3646333,-77.8976528,gmt,USGS-Temp,NE Cape Fear River at Castle Hayne,river,us,nc,New Hanover,0101000020E61000006CCABA24737953C02B44D14DAC2E4140
02109500,34.09504,-78.548371,gmt,USGS,Waccamaw River at Freeland,river,us,nc,Brunswick,0101000020E6100000CAC4AD8218A353C0EAE74D452A0C4140
02111000,35.99,-81.55,gmt,USGS,Yadkin River at Patterson,river,us,nc,Caldwell,0101000020E610000033333333336354C01F85EB51B8FE4140
02111180,36.07,-81.4,gmt,USGS,Elk Creek at Elkville,river,us,nc,Wilkes,0101000020E61000009A999999995954C0295C8FC2F5084240
02111391,36.1336,-81.2267,gmt,USGS,"W. KERR SCOTT RESERVOIR AT DAM NR WILKESBORO, NC",river,us,nc,Wilkes,0101000020E61000003480B740824E54C0705F07CE19114240
0211139110,36.136133,-81.223339,gmt,USGS,Yadkin River Bl W Kerr Scott Dam near Buck,river,us,nc,Wilkes,0101000020E6100000F73AA92F4B4E54C004745FCE6C114240
02111500,36.17,-81.16,gmt,USGS,Reddies Rvr at N Wilkesboro,river,us,nc,Wilkes,0101000020E61000000AD7A3703D4A54C0F6285C8FC2154240
02112000,36.15,-81.14,gmt,USGS,Yadkin River at Wilkesboro,river,us,nc,Wilkes,0101000020E6100000295C8FC2F54854C03333333333134240
02112250,36.24,-80.84,gmt,USGS,Yadkin River at Elkin,river,us,nc,Yadkin,0101000020E6100000F6285C8FC23554C01F85EB51B81E4240
02113850,36.4,-80.56,gmt,USGS,Ararat River at Ararat,river,us,nc,Surry,0101000020E6100000A4703D0AD72354C03333333333334240
02114450,36.29,-80.41,gmt,USGS,Little Yadkin River at Dalton,river,us,nc,Stokes,0101000020E61000000AD7A3703D1A54C085EB51B81E254240
02115360,36.13,-80.44,gmt,USGS,Yadkin River at Enon,river,us,nc,Forsyth,0101000020E61000005C8FC2F5281C54C0713D0AD7A3104240
02116500,35.85,-80.38,gmt,USGS,Yadkin River at Yadkin College,river,us,nc,Davie,0101000020E6100000B81E85EB511854C0CDCCCCCCCCEC4140
02118000,35.845,-80.65889,gmt,USGS,South Yadkin near Mocksville,river,us,nc,Davie,0101000020E6100000556AF6402B2A54C05C8FC2F528EC4140
02118500,36.000556,-80.7461,gmt,USGS,Hunting Creek near Harmony,river,us,nc,Iredell,0101000020E6100000EBE2361AC02F54C086E8103812004240
02120780,35.7175,-80.5961,gmt,USGS,Second Creek near Barber,river,us,nc,Rowan,0101000020E610000052499D80262654C0A4703D0AD7DB4140
02121500,35.8,-80.23,gmt,USGS,Abbotts Creek at Lexington,river,us,nc,Davidson,0101000020E61000001F85EB51B80E54C06666666666E64140
02123500,35.4314822,-80.0188276,gmt,USGS,"UWHARRIE RIVER NEAR ELDORADO, NC",river,us,nc,Montgomery,0101000020E6100000C790AD78340154C02FE708CF3AB74140
0212378405,35.20067,-80.06181,gmt,USGS,"PEE DEE R AT HWY731 BL LK TILLERY NR NORWOOD, NC",river,us,nc,Stanly,0101000020E61000003524EEB1F40354C0E8A4F78DAF994140
0212393300,35.46,-80.79,gmt,USGS,W. Br Rocky Rvr near Cornelius,river,us,nc,Mecklenburg,0101000020E6100000C3F5285C8F3254C07B14AE47E1BA4140
02124080,35.41,-80.75,gmt,USGS,Clarke Creek near Harrisburg,river,us,nc,Cabarrus,0101000020E610000000000000003054C014AE47E17AB44140
0212414900,35.33,-80.71,gmt,USGS,Mallard Cr Bl Stony Cr near Harrisburg,river,us,nc,Mecklenburg,0101000020E61000003D0AD7A3702D54C00AD7A3703DAA4140
0212419274,35.5,-80.73,gmt,USGS,Coddle Cr at SR 1612 near Davidson,river,us,nc,Cabarrus,0101000020E61000001F85EB51B82E54C00000000000C04140
02124269,35.309167,-80.673611,gmt,USGS,Back Cr at SR1173 near Harrisburg,river,us,nc,Cabarrus,0101000020E610000074CE4F711C2B54C05000C5C892A74140
0212427947,35.25639,-80.7006,gmt,USGS,"REEDY CREEK AT SR 2803 NR CHARLOTTE, NC",river,us,nc,Mecklenburg,0101000020E6100000F7E461A1D62C54C0BF823463D1A04140
0212430293,35.25,-80.66,gmt,USGS,Reedy Ck Below I-485 near Pine Ridge,river,us,nc,Mecklenburg,0101000020E61000000AD7A3703D2A54C00000000000A04140
0212430653,35.25,-80.64,gmt,USGS,Mckee Creek at SR2804 near Wilgrove,river,us,nc,Mecklenburg,0101000020E6100000295C8FC2F52854C00000000000A04140
0212433550,35.32,-80.54,gmt,USGS,Rocky River Ab Irish Buffalo,river,us,nc,Cabarrus,0101000020E6100000C3F5285C8F2254C0295C8FC2F5A84140
0212466000,35.2,-80.58,gmt,USGS,Clear Cr at SR3181 near Mint Hil,river,us,nc,Mecklenburg,0101000020E610000085EB51B81E2554C09A99999999994140
0212467451,35.130278,-80.631389,gmt,USGS,Goose Cr at SR1524 near Indian Trail,river,us,nc,Union,0101000020E6100000778368AD682854C0B3B112F3AC904140
0212467595,35.12,-80.6,gmt,USGS,Goose Ck at SR1525 near Indian Trail,river,us,nc,Union,0101000020E610000066666666662654C08FC2F5285C8F4140
02126000,35.157119,-80.16551,gmt,USGS,Rocky River near Norwood,river,us,nc,Stanly,0101000020E61000004D4A41B7970A54C0454AB3791C944140
02126375,35.1032167,-80.04593,gmt,USGS,"PEE DEE R AT PEE DEE REFUGE NR ANSONVILLE, NC",river,us,nc,Anson,0101000020E6100000F0F96184F00254C055736F34368D4140
02128000,35.38,-79.83,gmt,USGS,Little River near Star,river,us,nc,Montgomery,0101000020E610000085EB51B81EF553C0713D0AD7A3B04140
0212880025,34.983483,-79.877581,gmt,USGS,"PEE DEE RIVER BELOW POWERHOUSE DAM NR PEE DEE, NC",river,us,nc,Anson,0101000020E6100000D3A57F492AF853C003965CC5E27D4140
02129000,34.94,-79.86,gmt,USGS,Pee Dee River near Rockingham,river,us,nc,Richmond,0101000020E6100000D7A3703D0AF753C0B81E85EB51784140
02129375,34.866258,-79.878925,gmt,USGS,"PEE DEE RIVER ABOVE JONES CREEK NEAR CORDOVA, NC",river,us,nc,Richmond,0101000020E6100000C1A8A44E40F853C0FEF2C98AE16E4140
02132320,34.75,-79.38,gmt,USGS,Big Shoe Heel Ck near Laurinburg,river,us,nc,Scotland,0101000020E6100000B81E85EB51D853C00000000000604140
02133500,35.06,-79.49,gmt,USGS,Drowning Creek near Hoffman,river,us,nc,Moore,0101000020E61000008FC2F5285CDF53C048E17A14AE874140
02133624,34.77,-79.33,gmt,USGS,Lumber River near Maxton,river,us,nc,Scotland,0101000020E610000085EB51B81ED553C0C3F5285C8F624140
02134170,34.62,-79.01,gmt,USGS,Lumber River at Lumberton,river,us,nc,Robeson,0101000020E6100000713D0AD7A3C053C08FC2F5285C4F4140
02134480,34.71,-78.83,gmt,USGS,Big Swamp near Tarheel,river,us,nc,Robeson,0101000020E610000085EB51B81EB553C07B14AE47E15A4140
02134500,34.44,-78.96,gmt,USGS,Lumber River at Boardman,river,us,nc,Robeson,0101000020E61000003D0AD7A370BD53C0B81E85EB51384140
02137727,35.68,-82.06,gmt,USGS,Catawba River near Pleasant Gardens,river,us,nc,Mcdowell,0101000020E6100000A4703D0AD78354C0D7A3703D0AD74140
02138500,35.79,-81.89,gmt,USGS,Linville River near Nebo,river,us,nc,Burke,0101000020E6100000295C8FC2F57854C085EB51B81EE54140
02138520,35.7403654,-81.8368554,gmt,USGS,"CATAWBA R AT SR1223 BL LK JAMES NR BRIDGEWATER, NC",river,us,nc,Burke,0101000020E6100000C99EF3098F7554C0840B1E4BC4DE4140
02138816,35.7344904,-81.8895637,gmt,USGS,"OLD CATAWBA R BL CATAWBA DAM NEAR BRIDGEWATER, NC",river,us,nc,Burke,0101000020E61000005CCD959CEE7854C0EC9C0BC803DE4140
02140991,35.83,-81.71,gmt,USGS,Johns River at Arneys Store,river,us,nc,Burke,0101000020E61000003D0AD7A3706D54C00AD7A3703DEA4140
02141500,35.77262778,-81.43065556,gmt,USGS,"Catawba River at Rhodhiss, NC",river,us,nc,Caldwell,0101000020E6100000998256DC8F5B54C0618A9377E5E24140
0214196125,35.822625,-81.190531,gmt,USGS,"CATAWBA RIVER AT NC HIGHWAY 16 NR MILLERSVILLE, NC",river,us,nc,Alexander,0101000020E6100000F277EFA8314C54C09EEFA7C64BE94140
02142000,35.94,-81.23,gmt,USGS,Lower Little River near All Healing Springs,river,us,nc,Alexander,0101000020E61000001F85EB51B84E54C0B81E85EB51F84140
0214244102,35.757087,-81.089139,gmt,USGS,"CATAWBA RIVER BL LOOKOUT SHOALS DAM NR SHARON, NC",river,us,nc,Iredell,0101000020E610000015731074B44554C0069D103AE8E04140
0214264790,35.4277333,-80.9595304,gmt,USGS,"CATAWBA R AT RR BRIDGE AB NC 73 AT COWANS FORD, NC",river,us,nc,Lincoln,0101000020E610000024E131F2683D54C08074FBF6BFB64140
02142654,35.4,-80.89,gmt,USGS,Mcdowell Creek near Huntersville,river,us,nc,Mecklenburg,0101000020E6100000295C8FC2F53854C03333333333B34140
0214265808,35.4,-80.88,gmt,USGS,Torrence Cr at Bradford Hill Lane,river,us,nc,Mecklenburg,0101000020E6100000B81E85EB513854C03333333333B34140
0214265828,35.40181,-80.917719,gmt,USGS,"MCDOWELL CR TRIB AT SR2131 NR HICKS CROSSROADS, NC",river,us,nc,Mecklenburg,0101000020E6100000BEFA78E8BB3A54C0569A94826EB34140
0214266000,35.38,-80.92,gmt,USGS,Mcdowell Creek at Beatties Ford,river,us,nc,Mecklenburg,0101000020E61000007B14AE47E13A54C0713D0AD7A3B04140
0214266080,35.36,-80.89,gmt,USGS,Gar Creek at SR2074 near Croft,river,us,nc,Mecklenburg,0101000020E6100000295C8FC2F53854C0AE47E17A14AE4140
0214267602,35.333689,-80.9867446,gmt,USGS,"CATAWBA RIVER DNSTRM DECK MTN IS DAM NR MTN IS, NC",river,us,nc,Gaston,0101000020E61000004BA0D2D2263F54C079043752B6AA4140
0214269560,35.43,-81.03,gmt,USGS,Killian Creek near Mariposa,river,us,nc,Lincoln,0101000020E610000052B81E85EB4154C0D7A3703D0AB74140
02142900,35.32,-80.9,gmt,USGS,Long Creek near Paw Creek,river,us,nc,Mecklenburg,0101000020E61000009A999999993954C0295C8FC2F5A84140
02142914,35.29,-80.94,gmt,USGS,Gum Branch near Thrift,river,us,nc,Mecklenburg,0101000020E61000005C8FC2F5283C54C085EB51B81EA54140
0214291555,35.3,-80.97,gmt,USGS,Long Creek near Rhyne,river,us,nc,Mecklenburg,0101000020E6100000AE47E17A143E54C06666666666A64140
0214295600,35.24,-80.97,gmt,USGS,Paw Cr at Wilkinson Blvd near Charlotte,river,us,nc,Mecklenburg,0101000020E6100000AE47E17A143E54C01F85EB51B89E4140
0214297160,35.16,-80.98,gmt,USGS,Beaverdam Ck Ab Windy Gap Rd Shopton,river,us,nc,Mecklenburg,0101000020E61000001F85EB51B83E54C014AE47E17A944140
02143000,35.68,-81.4,gmt,USGS,Henry Fork near Henry River,river,us,nc,Catawba,0101000020E61000009A999999995954C0D7A3703D0AD74140
02143040,35.59,-81.56,gmt,USGS,Jacob Fork at Ramsey,river,us,nc,Burke,0101000020E6100000A4703D0AD76354C0EC51B81E85CB4140
02143500,35.42,-81.26,gmt,USGS,Indian Creek near Laboratory,river,us,nc,Lincoln,0101000020E6100000713D0AD7A35054C0F6285C8FC2B54140
02144000,35.3,-81.23,gmt,USGS,Long Creek near Bessemer City,river,us,nc,Gaston,0101000020E61000001F85EB51B84E54C06666666666A64140
02145000,35.28,-81.1,gmt,USGS,S. Fork Catawba River at Lowell,river,us,nc,Gaston,0101000020E610000066666666664654C0A4703D0AD7A34140
02145268,35.2477194,-81.0998827,gmt,USGS,"DUHARTS CREEK AT SR 2439 NEAR CRAMERTON, NC",river,us,nc,Gaston,0101000020E6100000EA7B687A644654C0D9CAF044B59F4140
02146211,35.26,-80.83,gmt,USGS,"Irwin Cr at Statesville Ave, Charlotte",river,us,nc,Mecklenburg,0101000020E610000085EB51B81E3554C0E17A14AE47A14140
0214627970,35.24,-80.86,gmt,USGS,"Stewart Ck at State St, Charlotte",river,us,nc,Mecklenburg,0101000020E6100000D7A3703D0A3754C01F85EB51B89E4140
02146285,35.22,-80.86,gmt,USGS,Stewart Ck at West Morehead St at Clt,river,us,nc,Mecklenburg,0101000020E6100000D7A3703D0A3754C05C8FC2F5289C4140
02146300,35.19,-80.9,gmt,USGS,Irwin Cr near Charlotte,river,us,nc,Mecklenburg,0101000020E61000009A999999993954C0B81E85EB51984140
02146315,35.2,-80.92,gmt,USGS,Taggart Ck at West Blvd near Clt,river,us,nc,Mecklenburg,0101000020E61000007B14AE47E13A54C09A99999999994140
02146330,35.139722,-80.9111111,gmt,USGS,Sugar Creek at Arrowood Road,river,us,nc,Mecklenburg,0101000020E61000007261EEA44F3A54C00F441669E2914140
02146348,35.14,-80.92,gmt,USGS,Coffey Creek near Charlotte,river,us,nc,Mecklenburg,0101000020E61000007B14AE47E13A54C052B81E85EB914140
02146381,35.09,-80.89,gmt,USGS,Sugar Creek at  51 near Pineville,river,us,nc,Mecklenburg,0101000020E6100000295C8FC2F53854C0EC51B81E858B4140
0214640410,35.250278,-80.808333,gmt,USGS,Little Sugar Cr Bl 36Th St near Clt,river,us,nc,Mecklenburg,0101000020E6100000C4D155BABB3354C04374081C09A04140
02146409,35.2,-80.83,gmt,USGS,"Little Sugar Cr at Medical Ctr Dr, Clt",river,us,nc,Mecklenburg,0101000020E610000085EB51B81E3554C09A99999999994140
02146420,35.179167,-80.846389,gmt,USGS,Little Sugar Cr at Hillside Ave,river,us,nc,Mecklenburg,0101000020E61000006DACC43C2B3654C0DFC2BAF1EE964140
0214642825,35.23,-80.77,gmt,USGS,Briar Creek near Clt at Shamrock Dr,river,us,nc,Mecklenburg,0101000020E6100000E17A14AE473154C03D0AD7A3709D4140
0214643770,35.210833,-80.800833,gmt,USGS,Briar Cr at Independence Blvd,river,us,nc,Mecklenburg,0101000020E6100000AF230ED9403354C073F56393FC9A4140
0214643820,35.2,-80.77,gmt,USGS,Edwards Br at Sheffield Dr Clt,river,us,nc,Mecklenburg,0101000020E6100000E17A14AE473154C09A99999999994140
0214643860,35.206111,-80.805833,gmt,USGS,Briar Cr Bl Edwards Branch,river,us,nc,Mecklenburg,0101000020E6100000684293C4923354C0452C62D8619A4140
02146449,35.1825,-80.82,gmt,USGS,Briar Creek at Providence Road,river,us,nc,Mecklenburg,0101000020E610000014AE47E17A3454C08FC2F5285C974140
0214645022,35.17,-80.83,gmt,USGS,Briar Cr Above Colony Rd,river,us,nc,Mecklenburg,0101000020E610000085EB51B81E3554C0F6285C8FC2954140
02146470,35.16,-80.85,gmt,USGS,Ltl Hope Cr at Seneca Place Clt,river,us,nc,Mecklenburg,0101000020E610000066666666663654C014AE47E17A944140
02146507,35.14,-80.85,gmt,USGS,Ltl Sugar Ck at Archdale Dr at Clt,river,us,nc,Mecklenburg,0101000020E610000066666666663654C052B81E85EB914140
02146530,35.08,-80.88,gmt,USGS,Little Sugar Creek at Pineville,river,us,nc,Mecklenburg,0101000020E6100000B81E85EB513854C00AD7A3703D8A4140
0214655255,35.17,-80.71,gmt,USGS,Mcalpine Creek at SR3150 near Idlewild,river,us,nc,Mecklenburg,0101000020E61000003D0AD7A3702D54C0F6285C8FC2954140
02146562,35.18,-80.73,gmt,USGS,Campbell Creek near Charlotte,river,us,nc,Mecklenburg,0101000020E61000001F85EB51B82E54C0D7A3703D0A974140
0214657975,35.15,-80.71,gmt,USGS,Irvins Ck at SR3168 near Charlotte,river,us,nc,Mecklenburg,0101000020E61000003D0AD7A3702D54C03333333333934140
02146600,35.13,-80.76,gmt,USGS,Mcalpine Cr at Sardis Rd near Clt,river,us,nc,Mecklenburg,0101000020E6100000713D0AD7A33054C0713D0AD7A3904140
02146614,35.118333,-80.806667,gmt,USGS,Mcalpine Cr at Colony Rd,river,us,nc,Mecklenburg,0101000020E6100000CCF09F6EA03354C0CF842689258F4140
02146670,35.076944,-80.8225,gmt,USGS,Four Mile Creek,river,us,nc,Mecklenburg,0101000020E6100000713D0AD7A33454C0CCCF0D4DD9894140
0214668150,35.170278,-80.785556,gmt,USGS,Mcmullen Cr Abv Lincrest Place,river,us,nc,Mecklenburg,0101000020E61000004D4BAC8C463254C0399D64ABCB954140
02146700,35.14,-80.82,gmt,USGS,Mcmullen Cr at Sharon View Rd near Clt,river,us,nc,Mecklenburg,0101000020E610000014AE47E17A3454C052B81E85EB914140
02146750,35.06,-80.87,gmt,USGS,Mcalpine Cr Blw Mcmullen Cr near Pineville,river,us,nc,Mecklenburg,0101000020E610000048E17A14AE3754C048E17A14AE874140
0214678175,35.1,-80.95,gmt,USGS,Steele Creek at SR1441 near Pineville,river,us,nc,Mecklenburg,0101000020E6100000CDCCCCCCCC3C54C0CDCCCCCCCC8C4140
0214685800,35.01,-80.82,gmt,USGS,Six Mile Creek near Pineville,river,us,nc,Union,0101000020E610000014AE47E17A3454C0E17A14AE47814140
02149000,35.42,-82.11,gmt,USGS,Cove Creek near Lake Lure,river,us,nc,Rutherford,0101000020E6100000D7A3703D0A8754C0F6285C8FC2B54140
02150495,35.4,-81.87,gmt,USGS,Second Broad River near Logan,river,us,nc,Rutherford,0101000020E610000048E17A14AE7754C03333333333B34140
02151500,35.21,-81.69,gmt,USGS,Broad River near Boiling Springs,river,us,nc,Cleveland,0101000020E61000005C8FC2F5286C54C07B14AE47E19A4140
02152100,35.49,-81.68,gmt,USGS,First Broad River near Casar,river,us,nc,Cleveland,0101000020E6100000EC51B81E856B54C01F85EB51B8BE4140
02152474,35.41,-81.56,gmt,USGS,First Broad River at Lawndale,river,us,nc,Cleveland,0101000020E6100000A4703D0AD76354C014AE47E17AB44140
0232,36.37613,-78.167548,gmt,NCEM,Fishing Creek at US-401 Near Warrenton,river,us,nc,Warren,0101000020E6100000A7203F1BB98A53C0B285200725304240
0235,35.908871,-82.191174,gmt,NCEM,South Toe River at NC-80 Near Burnsville,river,us,nc,Yancey,0101000020E61000001D76DF313C8C54C033A48AE255F44140
0236,35.8640444,-81.2108715,gmt,NCEM,Lower Little River Near Taylorsville,river,us,nc,Alexander,0101000020E6100000240A2DEB7E4D54C05E25C40199EE4140
0237,35.9592064,-81.269298,gmt,NCEM,Lambert Fork at All Healing Spring Rd near Taylorsville,river,us,nc,Alexander,0101000020E610000035B8AD2D3C5154C0940E7B46C7FA4140
0238,35.941838,-81.071728,gmt,NCEM,South Yadkin River at Sharpe Mill Rd,river,us,nc,Alexander,0101000020E6100000478D0931974454C0A510C8258EF84140
0239,35.91192,-82.348811,gmt,NCEM,Cane River at W US-19E near Burnsville,river,us,nc,Yancey,0101000020E61000000B5F5FEB529654C0BF4868CBB9F44140
03161000,36.39,-81.4,gmt,USGS,S Fork New River near Jefferson,river,us,nc,Ashe,0101000020E61000009A999999995954C052B81E85EB314240
03439000,35.14,-82.82,gmt,USGS,French Broad River at Rosman,river,us,nc,Transylvania,0101000020E610000014AE47E17AB454C052B81E85EB914140
03441000,35.27,-82.7,gmt,USGS,Davidson River near Brevard,river,us,nc,Transylvania,0101000020E6100000CDCCCCCCCCAC54C0C3F5285C8FA24140
03443000,35.29,-82.62,gmt,USGS,French Broad River at Blantyre,river,us,nc,Transylvania,0101000020E610000048E17A14AEA754C085EB51B81EA54140
03446000,35.39,-82.59,gmt,USGS,Mills River near Mills River,river,us,nc,Henderson,0101000020E6100000F6285C8FC2A554C052B81E85EBB14140
03447687,35.42,-82.54,gmt,USGS,French Broad River near Fletcher,river,us,nc,Henderson,0101000020E6100000C3F5285C8FA254C0F6285C8FC2B54140
0344894205,35.685256,-82.332794,gmt,USGS,N Fk Swannanoa River near Walkertown,river,us,nc,Buncombe,0101000020E61000008693347F4C9554C0A3B1F677B6D74140
03450000,35.653099,-82.405348,gmt,USGS,Beetree Ck near Swannanoa,river,us,nc,Buncombe,0101000020E6100000F0DFBC38F19954C070067FBF98D34140
03451000,35.56,-82.54,gmt,USGS,Swannanoa River at Biltmore,river,us,nc,Buncombe,0101000020E6100000C3F5285C8FA254C048E17A14AEC74140
03451500,35.6,-82.57,gmt,USGS,French Broad River at Asheville,river,us,nc,Buncombe,0101000020E610000014AE47E17AA454C0CDCCCCCCCCCC4140
03453000,35.76,-82.62,gmt,USGS,Ivy River near Marshall,river,us,nc,Madison,0101000020E610000048E17A14AEA754C0E17A14AE47E14140
03453500,35.78,-82.66,gmt,USGS,French Broad River near Marshall,river,us,nc,Madison,0101000020E61000000AD7A3703DAA54C0A4703D0AD7E34140
03454500,35.8897,-82.821111,gmt,USGS,French Broad River at Hot Springs,river,us,nc,Madison,0101000020E6100000B2D826158DB454C027A089B0E1F14140
03455500,35.396121,-82.937847,gmt,USGS,W F Pigeon River Abv Lake Logan,river,us,nc,Haywood,0101000020E6100000B6696CAF05BC54C02121CA17B4B24140
03455773,35.421419,-82.924308,gmt,USGS,LAKE LOGAN AT DAM NR HAZELWOOD,river,us,nc,Haywood,0101000020E610000098DBBDDC27BB54C0DE74CB0EF1B54140
0345577330,35.4266666,-82.9197222,gmt,USGS,West Fork Pigeon River near Retreat,river,us,nc,Haywood,0101000020E6100000EE9980BADCBA54C0D3A5DA029DB64140
03456100,35.46,-82.9,gmt,USGS,West Fork Pigeon River at Bethel,river,us,nc,Haywood,0101000020E61000009A99999999B954C07B14AE47E1BA4140
03456500,35.46,-82.86,gmt,USGS,E Fork Pigeon River near Canton,river,us,nc,Haywood,0101000020E6100000D7A3703D0AB754C07B14AE47E1BA4140
03456991,35.52,-82.84,gmt,USGS,Pigeon River near Canton,river,us,nc,Haywood,0101000020E6100000F6285C8FC2B554C0C3F5285C8FC24140
03459500,35.635,-82.99,gmt,USGS,Pigeon River near Hepco,river,us,nc,Haywood,0101000020E61000008FC2F5285CBF54C0E17A14AE47D14140
03460000,35.667246,-83.072761,gmt,USGS,Cataloochee Creek near Cataloochee,river,us,nc,Haywood,0101000020E610000027DBC01DA8C454C08331225168D54140
03463300,35.83,-82.18,gmt,USGS,S Toe River near Celo,river,us,nc,Yancey,0101000020E6100000EC51B81E858B54C00AD7A3703DEA4140
03479000,36.239167,-81.8222,gmt,USGS,Watauga River near Sugar Grove,river,us,nc,Watauga,0101000020E61000005BB1BFEC9E7454C027A435069D1E4240
0347927162,36.217484,-81.908058,gmt,USGS,"BUCKEYE CR ABOVE BUCKEYE LAKE NEAR CANNON GAP, NC",river,us,nc,Avery,0101000020E6100000C1374D9F1D7A54C09EB30584D61B4240
0347927164,36.220006,-81.907657,gmt,USGS,"BUCKEYE CR BELOW BUCKEYE LAKE NEAR CANNON GAP, NC",river,us,nc,Avery,0101000020E610000012BF620D177A54C03E761728291C4240
03500000,35.15,-83.37,gmt,USGS,Little Tennessee River near Prentiss,river,us,nc,Macon,0101000020E610000048E17A14AED754C03333333333934140
0350011450,35.15777,-83.4244,gmt,USGS,"CARTOOGECHAYE CREEK AT SR 1148 NEAR FRANKLIN, NC",river,us,nc,Macon,0101000020E6100000091B9E5E29DB54C01C25AFCE31944140
03501975,35.232861,-83.391469,gmt,USGS,Little Tennessee River Ab  Hwy 28 at Iotla,river,us,nc,Macon,0101000020E61000007619FED30DD954C0C6C1A563CE9D4140
03503000,35.33,-83.52,gmt,USGS,Little Tennessee River at Needmore,river,us,nc,Swain,0101000020E6100000E17A14AE47E154C00AD7A3703DAA4140
03504000,35.12,-83.61,gmt,USGS,Nantahala Rvr near Rainbow Springs,river,us,nc,Macon,0101000020E6100000D7A3703D0AE754C08FC2F5285C8F4140
03505550,35.3,-83.65,gmt,USGS,Nantahala River near Hewitt,river,us,nc,Swain,0101000020E61000009A99999999E954C06666666666A64140
03508050,35.28773707,-83.14392837,gmt,USGS,"Tuckasegee River at SR 1172, Cullowhee",river,us,nc,Jackson,0101000020E61000007687561F36C954C099BF7C91D4A44140
03510577,35.38,-83.29,gmt,USGS,Tuckasegee Rvr at Barker'S Ck,river,us,nc,Jackson,0101000020E6100000C3F5285C8FD254C0713D0AD7A3B04140
03512000,35.46,-83.35,gmt,USGS,Oconaluftee River at Birdtown,river,us,nc,Swain,0101000020E61000006666666666D654C07B14AE47E1BA4140
03513000,35.42,-83.44,gmt,USGS,Tuckasegee River at Bryson City,river,us,nc,Swain,0101000020E61000005C8FC2F528DC54C0F6285C8FC2B54140
0351706800,35.438534,-83.918871,gmt,USGS,Cheoah River near Bearpen Gap near Tapoco,river,us,nc,Graham,0101000020E61000008A8F4FC8CEFA54C08F17D2E121B84140
03550000,35.13,-83.98,gmt,USGS,Valley River at Tomotla,river,us,nc,Cherokee,0101000020E61000001F85EB51B8FE54C0713D0AD7A3904140
1835,36.0015,-81.7743,gmt,NCEM,Wilson Creek near Edgemont,river,us,nc,Caldwell,0101000020E6100000BD5296218E7154C0D578E92631004240
1850,35.578,-83.261,gmt,NCEM,Trout Farm,river,us,nc,Swain,0101000020E610000062105839B4D054C0448B6CE7FBC94140
1858,36.204,-81.649,gmt,NCEM,Middle Fork New R. at Hunting Lane at Boone,river,us,nc,Watauga,0101000020E6100000A8C64B37896954C0273108AC1C1A4240
1879,35.058,-83.385,gmt,NCEM,Otto,river,us,nc,Macon,0101000020E6100000713D0AD7A3D854C08195438B6C874140
1881,35.188,-83.062,gmt,Duke Energy,Robinson Creek,river,us,nc,Jackson,0101000020E61000008716D9CEF7C354C0F2D24D6210984140
1882,35.201,-82.993,gmt,Duke Energy,Rock Bridge,river,us,nc,Jackson,0101000020E6100000643BDF4F8DBF54C07D3F355EBA994140
1883,35.258,-82.943,gmt,Duke Energy,Tanasee Creek,river,us,nc,Jackson,0101000020E61000003108AC1C5ABC54C01B2FDD2406A14140
1884,35.27,-82.97,gmt,Duke Energy,Wolf Creek,river,us,nc,Jackson,0101000020E6100000AE47E17A14BE54C0C3F5285C8FA24140
1895,35.367,-83.254,gmt,Duke Energy,Scotts Creek Inflow,river,us,nc,Jackson,0101000020E6100000C74B378941D054C0E5D022DBF9AE4140
1916,35.451,-82.287,gmt,NCEM,Broad River at US 64 - Bat Cave,river,us,nc,Henderson,0101000020E6100000EE7C3F355E9254C07D3F355EBAB94140
1933,35.38,-82.399,gmt,NCEM,Clear Creek,river,us,nc,Henderson,0101000020E6100000A8C64B37899954C0713D0AD7A3B04140
1941,35.608,-82.335,gmt,Asheville,Swannanoa R. at Black Mountain Park,river,us,nc,Buncombe,0101000020E61000003D0AD7A3709554C0E7FBA9F1D2CD4140
1942,35.637,-82.313,gmt,Asheville,Flat Cr. at Montreat,river,us,nc,Buncombe,0101000020E610000079E92631089454C0A8C64B3789D14140
1945,35.60913086,-82.4420166,gmt,Asheville,Warren Wilson,river,us,nc,Buncombe,0101000020E61000008152FEFF499C54C099570100F8CD4140
1946,35.631,-82.472,gmt,Asheville,Bull Cr. at Riceville Rd. nr Riceville,river,us,nc,Buncombe,0101000020E610000091ED7C3F359E54C054E3A59BC4D04140
1962,35.425,-82.184167,gmt,Lake Lure,Broad River at Lake Lure Dam,river,us,nc,Rutherford,0101000020E610000028806264C98B54C06666666666B64140
1963,35.43756,-82.241,gmt,Lake Lure,Broad River at Lake Lure,river,us,nc,Rutherford,0101000020E61000008195438B6C8F54C0D50451F701B84140
1964,35.449809,-82.287863,gmt,Lake Lure,Reedy Patch Creek near Bat Cave,river,us,nc,Henderson,0101000020E61000009FAEEE586C9254C02639605793B94140
1965,35.424444,-82.178611,gmt,Lake Lure,Broad River Below Lake Lure Dam,river,us,nc,Rutherford,0101000020E61000002DEDD45C6E8B54C0E17D552E54B64140
25150,36.4602,-81.1678,gmt,NCEM,Little River/Sparta,river,us,nc,Alleghany,0101000020E61000003411363CBD4A54C042CF66D5E73A4240
25160,36.4578,-81.5605,gmt,NCEM,North Fork New River/Clifton,river,us,nc,Ashe,0101000020E61000001D5A643BDF6354C0ED0DBE30993A4240
25170,36.421794,-81.49527241,gmt,NCEM,Little Buffalo Cr. at NC 88 nr Jefferson,river,us,nc,Ashe,0101000020E6100000E9E30C8BB25F54C013D38558FD354240
25180,36.4384,-81.6542,gmt,NCEM,North Fork New River/Ashland,river,us,nc,Ashe,0101000020E6100000C442AD69DE6954C08048BF7D1D384240
25190,36.1736,-81.7458,gmt,NCEM,Watauga River near Foscoe,river,us,nc,Watauga,0101000020E6100000D656EC2FBB6F54C0F54A598638164240
25200,36.0834,-81.9287,gmt,NCEM,North Toe River/Newland,river,us,nc,Avery,0101000020E6100000E5F21FD26F7B54C0423EE8D9AC0A4240
25210,36.0543,-82.0203,gmt,NCEM,North Toe River Between Plumtree/Frank,river,us,nc,Avery,0101000020E6100000F7065F984C8154C01E166A4DF3064240
25220,36.0869,-82.0406,gmt,NCEM,Roaring Creek Headwaters,river,us,nc,Avery,0101000020E6100000ED0DBE30998254C0DE02098A1F0B4240
25240,35.9143,-82.0673,gmt,NCEM,N. Toe River at Spruce Pine,river,us,nc,Mitchell,0101000020E610000055C1A8A44E8454C0CC5D4BC807F54140
25250,36.012254,-82.154831,gmt,NCEM,Cane Creek,river,us,nc,Mitchell,0101000020E61000000C5A48C0E88954C0629F008A91014240
25260,35.8824,-82.0578,gmt,NCEM,E. Fork Grassy Cr. at NC 226,river,us,nc,Mitchell,0101000020E61000005D6DC5FEB28354C0C5FEB27BF2F04140
25280,35.8738,-82.3195,gmt,NCEM,Cane River,river,us,nc,Yancey,0101000020E61000009CC420B0729454C0569FABADD8EF4140
25290,35.2379,-82.6372,gmt,NCEM,Little River at Merrill Ln.,river,us,nc,Transylvania,0101000020E6100000B84082E2C7A854C0F5DBD781739E4140
25300,35.297428,-82.46245,gmt,NCEM,Mud Creek/Hendersonville,river,us,nc,Henderson,0101000020E61000004182E2C7989D54C01475E61E12A64140
25310,35.4357,-82.4891,gmt,NCEM,Cane Creek at Mills Gap Rd nr Fletcher,river,us,nc,Henderson,0101000020E61000004F1E166A4D9F54C0006F8104C5B74140
25320,35.3119,-82.4353,gmt,NCEM,Bat Fork Creek,river,us,nc,Henderson,0101000020E6100000B9FC87F4DB9B54C0ABCFD556ECA74140
25330,35.7775,-82.4594,gmt,NCEM,Ivy River,river,us,nc,Buncombe,0101000020E610000013F241CF669D54C0EC51B81E85E34140
25350,35.4892,-82.9992,gmt,NCEM,Richland Creek in Waynesville,river,us,nc,Haywood,0101000020E6100000728A8EE4F2BF54C0029A081B9EBE4140
25360,35.5203,-83.1064,gmt,NCEM,Jonathan Creek,river,us,nc,Haywood,0101000020E6100000D712F241CFC654C0ED0DBE3099C24140
25380,35.2887,-83.1815,gmt,NCEM,Cullowhee Creek,river,us,nc,Jackson,0101000020E6100000560E2DB29DCB54C0772D211FF4A44140
25390,35.4652,-83.2356,gmt,NCEM,Soco Creek,river,us,nc,Jackson,0101000020E610000002BC051214CF54C0B30C71AC8BBB4140
25400,35.3936,-83.1883,gmt,NCEM,Scotts Creek near Beta,river,us,nc,Jackson,0101000020E61000008E75711B0DCC54C051DA1B7C61B24140
25410,35.297,-83.8855,gmt,NCEM,Snowbird Creek N/Milltown,river,us,nc,Graham,0101000020E6100000E9263108ACF854C0BC74931804A64140
25420,35.3246,-83.8005,gmt,NCEM,Tulula Creek N/Robbinsville,river,us,nc,Graham,0101000020E6100000AC1C5A643BF354C00B24287E8CA94140
25430,35.457,-83.4382,gmt,NCEM,Deep Creek Sg,river,us,nc,Swain,0101000020E6100000DC4603780BDC54C0D122DBF97EBA4140
25450,35.0279,-84.1149,gmt,NCEM,Nottely River/Cook Bridge,river,us,nc,Cherokee,0101000020E6100000DE9387855A0755C07AC7293A92834140
25460,35.2059,-83.818,gmt,NCEM,Valley River at Andrews,river,us,nc,Cherokee,0101000020E61000003108AC1C5AF454C08A1F63EE5A9A4140
25480,35.0758,-83.7823,gmt,NCEM,Tusquittee Creek,river,us,nc,Clay,0101000020E61000004BEA043411F254C0B6847CD0B3894140
25500,36.0776,-81.5266,gmt,NCEM,Hw Buffalo Creek,river,us,nc,Caldwell,0101000020E6100000B6847CD0B36154C0B515FBCBEE094240
25520,35.634772,-82.188289,gmt,NCEM,Mills Creek at W. Orchard St nr  Old Fort,river,us,nc,McDowell,0101000020E6100000944C4EED0C8C54C050357A3540D14140
25530,35.8754,-81.9426,gmt,NCEM,N Fork Catawba River/Us 221 N,river,us,nc,McDowell,0101000020E61000006A4DF38E537C54C08E75711B0DF04140
25540,35.738,-81.6789,gmt,NCEM,Hunting Creek N/Morganton,river,us,nc,Burke,0101000020E61000004850FC18736B54C05839B4C876DE4140
25570,35.927606,-81.660877,gmt,NCEM,Mulberry Cr. at Abington Rd. nr Collettsville,river,us,nc,Caldwell,0101000020E61000006E6B0BCF4B6A54C064C91CCBBBF64140
25580,35.1421,-83.2942,gmt,NCEM,Peeks Creek,river,us,nc,Macon,0101000020E6100000ED9E3C2CD4D254C07C61325530924140
25590,35.1311,-82.7871,gmt,NCEM,E F French Broad River,river,us,nc,Transylvania,0101000020E61000009FABADD85FB254C0B84082E2C7904140
30003,33.95506,-78.57794,gmt,NCEM,Cawcaw Swamp @ No. 5 School Rd NW,river,us,nc,Brunswick,0101000020E610000037C30DF8FCA453C0E0DBF4673FFA4040
30004,34.76945338,-79.44940248,gmt,NCEM,Leith Ck @ E. Church St.,river,us,nc,Scotland,0101000020E6100000D8959E02C3DC53C0C672C7727D624140
30005,34.82400193,-79.18070161,gmt,NCEM,Little Raft Swamp @ NC 71,river,us,nc,Robeson,0101000020E610000036527C9D90CB53C06F982EE578694140
30006,35.07377782,-78.97685527,gmt,NCEM,Beaver Cr. @ SR 1404,river,us,nc,Cumberland,0101000020E6100000D164F7CB84BE53C0FB08368D71894140
30007,35.00800625,-78.34172101,gmt,NCEM,Williams Old Mill Branch @ US 421,river,us,nc,Sampson,0101000020E61000009793CCC1DE9553C0F1F44A5906814140
30009,35.68793848,-77.9475903,gmt,NCEM,Contentnea Cr @ US301,river,us,nc,Wilson,0101000020E61000007020C951A57C53C046A13C5E0ED84140
30010,35.60673483,-77.57469092,gmt,NCEM,Little Contentnea Creek @ NC 121,river,us,nc,Pitt,0101000020E610000052AD6CBCC76453C0D918A67CA9CD4140
30011,35.94762281,-77.47556486,gmt,NCEM,Deep Ck @ Dickens Rd,river,us,nc,Edgecombe,0101000020E6100000EB3498A76F5E53C062F248B44BF94140
30016,35.6005,-77.3682,gmt,NCEM,Green Mill Run at E 14th St in Greenville,river,us,nc,Pitt,0101000020E6100000C898BB96905753C0BE9F1A2FDDCC4140
30017,35.3756,-77.96,gmt,NCEM,Stoney Creek at US 70 Bus in Goldsboro,river,us,nc,Wayne,0101000020E61000003D0AD7A3707D53C055302AA913B04140
30018,36.0345,-79.40916,gmt,NCEM,Little Alamance Creek at Rogers Rd near Graham,river,us,nc,Alamance,0101000020E610000035B56CAD2FDA53C023DBF97E6A044240
30019,35.8998,-79.0742,gmt,NCEM,Morgan Creek at Smith Level Rd in Chapel Hill,river,us,nc,Orange,0101000020E61000003F575BB1BFC453C06C787AA52CF34140
30020,36.485325,-79.763133,gmt,NCEM,Dan River at Old State Hwy 87 in Eden,river,us,nc,Rockingham,0101000020E6100000E55FCB2BD7F053C032772D211F3E4240
30021,35.5316,-79.1736,gmt,NCEM,Little Buffalo Creek at Amos Bridges Rd near Sanford,river,us,nc,Lee,0101000020E61000007AA52C431CCB53C0DC4603780BC44140
30022,34.9876,-80.5534,gmt,NCEM,Bearskin Creek at N Charlotte Ave in Monroe,river,us,nc,Union,0101000020E6100000CF66D5E76A2354C0CAC342AD697E4140
30023,36.20134766,-81.66460721,gmt,NCEM,Winkler Creek @ Meadowview Dr - Watauga Co,river,us,nc,Watauaga,0101000020E6100000B1E8ADEC886A54C0BF6997C2C5194240
30024,35.72738441,-81.24487324,gmt,NCEM,Lyle Creek @ Section House Rd - Catawba Co,river,us,nc,Catawba,0101000020E6100000CC5DCF00AC4F54C0FE48AEEE1ADD4140
30025,35.74980909,-81.70535784,gmt,NCEM,"Catawba River at NC181, N Green St - Burke Co",river,us,nc,Burke,0101000020E6100000BEB13595246D54C092E587BEF9DF4140
30026,35.05544392,-83.81607993,gmt,NCEM,Hiwassee River at Hayesville,river,us,nc,Clay,0101000020E6100000689150A73AF454C0BE944FC918874140
30027,35.18644745,-83.37220965,gmt,NCEM,Little Tennessee River at US441/E.Main St. Franklin_x000D_,river,us,nc,Macon,0101000020E61000005C806C48D2D754C018169282DD974140
30028,35.22833235,-82.2338121,gmt,NCEM,North Pacolet River @ NC 108 - Polk Co,river,us,nc,Polk,0101000020E61000002EBA06C7F68E54C036EF93FE399D4140
30031,34.7405,-77.9814,gmt,NCEM,Little Rockfish Creek at NC 41,river,us,nc,Duplin,0101000020E6100000D712F241CF7E53C0105839B4C85E4140
30032,35.058384,-78.8845,gmt,NCEM,Cross Creek at Hillsboro St.,river,us,nc,Cumberland,0101000020E6100000F853E3A59BB853C0094E7D2079874140
30033,35.3118,-78.6457,gmt,NCEM,Black River at Antioch Church Rd.,river,us,nc,Harnett,0101000020E6100000BEC1172653A953C04772F90FE9A74140
30034,34.9487,-79.7722,gmt,NCEM,Hitchcock Creek at Steele St.,river,us,nc,Richmond,0101000020E6100000287E8CB96BF153C08CDB68006F794140
30035,35.6581,-80.5156,gmt,NCEM,Grants Creek at Rowan Mill Rd.,river,us,nc,Rowan,0101000020E610000054742497FF2054C0B1BFEC9E3CD44140
30036,35.3592,-80.6347,gmt,NCEM,Coddle Creek at Roberta Rd.,river,us,nc,Cabarrus,0101000020E61000005BB1BFEC9E2854C0925CFE43FAAD4140
30037,35.3612,-80.2043,gmt,NCEM,Little Long Creek at Salisbury Ave.,river,us,nc,Stanly,0101000020E6100000A9A44E40130D54C058A835CD3BAE4140
30038,35.2374,-81.1638,gmt,NCEM,Catawba Creek at E. Hudson Rd.,river,us,nc,Gaston,0101000020E61000006DC5FEB27B4A54C003098A1F639E4140
30044,35.58949341,-82.57171069,gmt,NCDOT,French Broad R. at Craven St,river,us,nc,Buncombe,0101000020E6100000B6146FE896A454C02A94228574CB4140
30045,35.48164553,-82.55780631,gmt,NCDOT,French Broad R. at Long Shoals Rd,river,us,nc,Buncombe,0101000020E6100000F5BC3C19B3A354C0ABCE8B8FA6BD4140
30050,36.41978513,-77.63315878,gmt,NCEM,Chockoyette Cr. at I-95,river,us,nc,Halifax,0101000020E61000009E5167AC856853C03B59E684BB354240
30060,34.91877855,-77.61668742,gmt,NCEM,New River at NC 24 nr Richlands,river,us,nc,Onslow,0101000020E61000004C3083CE776753C0164218899A754140
30061,34.99922637,-78.64600568,gmt,NCEM,South River at NC 24 at Autryville,river,us,nc,Sampson,0101000020E61000005628352858A953C0B43952A6E67F4140
30062,36.41013623,-77.49788741,gmt,NCEM,Occoneechee Creek at NC158,river,us,nc,Northampton,0101000020E610000092C22763DD5F53C09B600F587F344240
30601,34.624733,-79.054784,gmt,NCDOT,Lumber R. at NC 72 in Lumberton,river,us,nc,Robeson,0101000020E61000000516C09481C353C0B1DD3D40F74F4140
30602,34.649474,-79.016806,gmt,NCDOT,Five Mile Branch at NC 211 nr Lumberton,river,us,nc,Robeson,0101000020E61000001A18795913C153C018CDCAF621534140
30603,34.961029,-78.899607,gmt,NCDOT,Rockfish Cr. at SR 2350 Research Dr. nr Fayetteville,river,us,nc,Cumberland,0101000020E61000002C103D2993B953C0F9C08EFF027B4140
30604,34.845846,-78.258994,gmt,NCDOT,Six Runs Cr. at US 421 nr Clinton,river,us,nc,Sampson,0101000020E61000000EF7915B939053C0E9B985AE446C4140
30605,34.719031,-77.945056,gmt,NCDOT,Rockfish Creek at I-40 near Wallace,river,us,nc,Duplin,0101000020E6100000DE3829CC7B7C53C0B4E73235095C4140
30613,34.7261667,-78.9921111,gmt,NCDOT,Ten Mile Swamp @ US 301 nr Lumberton,river,us,nc,Robeson,0101000020E6100000E91F8EBF7EBF53C0DDF8C907F35C4140
30619,34.6506944,-79.0117222,gmt,NCDOT,"Five Mile Branch @ SR 1792 (Kahn Dr, Lumberton)",river,us,nc,Robeson,0101000020E6100000C768780EC0C053C05DD83FF449534140
30620,34.649,-79.0122778,gmt,NCDOT,"Meadow Branch @ SR 1792 (Kahn Dr, Lumberton)",river,us,nc,Robeson,0101000020E6100000E15DD328C9C053C0508D976E12534140
335344078262295,33.895672,-78.439578,gmt,USGS-Temp,CAUSEWAY DRIVE BRIDGE TO OCEAN ISLE BEACH,river,us,nc,Brunswick,0101000020E6100000A182C30B229C53C0B1F84D61A5F24040
335540078093395,33.927881,-78.159167,gmt,USGS-Temp,"EF MIDDLETON BLVD BRIDGE,HWY 1500 TO OAK ISLAND, NC",river,us,nc,Brunswick,0101000020E61000008EE6C8CA2F8A53C036CAFACDC4F64040
35779567875269,35.77956,-78.75269,gmt,Town of Cary,Walnut Creek 1.80 Upstream Side of Cary Towne,river,us,nc,Wake,0101000020E6100000AE81AD122CB053C087A2409FC8E34140
35781107877716,35.7811,-78.77716,gmt,Town of Cary,Walnut Creek 0 Upstream Side of Byrum,river,us,nc,Wake,0101000020E610000099F04BFDBCB153C0EB73B515FBE34140
35784987877410,35.78498,-78.7741,gmt,Town of Cary,Walnut Creek 0.31 Upstream Side of E Park,river,us,nc,Wake,0101000020E61000005AF5B9DA8AB153C0CD0182397AE44140
35785127877405,35.78512,-78.77405,gmt,Town of Cary,Walnut Creek 0.32 Downstream Side of E Park,river,us,nc,Wake,0101000020E610000001DE02098AB153C0BFB7E9CF7EE44140
35787307876389,35.7873,-78.76389,gmt,Town of Cary,Walnut Creek 0.95 Downstream Side of SE Maynard,river,us,nc,Wake,0101000020E610000074EFE192E3B053C00612143FC6E44140
35787497876439,35.78749,-78.76439,gmt,Town of Cary,Walnut Creek 0.94 Upstream Side of SE Maynard,river,us,nc,Wake,0101000020E6100000EDD808C4EBB053C0A9F6E978CCE44140
3578778549,35.787982,-78.549911,gmt,Wake County,Babcock Lake Dam (WAKE-087),river,us,nc,Wake,0101000020E61000007B2DE8BD31A353C018EB1B98DCE44140
35787927877044,35.78792,-78.77044,gmt,Town of Cary,Walnut Creek 0.62 Upstream Side of Clay,river,us,nc,Wake,0101000020E6100000EFE192E34EB153C0A2EE0390DAE44140
3581778412,35.817133,-78.412617,gmt,Wake County,Robertson Mill Pond (WAKE-070),river,us,nc,Wake,0101000020E610000083312251689A53C0BEBD6BD097E84140
35823107882021,35.8231,-78.82021,gmt,Morrisville,"Crabtree Creek Greenway at Morrisville, NC",river,us,nc,Wake,0101000020E61000008A7615527EB453C036AB3E575BE94140
3599678899,35.839061,-78.794826,gmt,Wake County,Lake Crabtree (WAKE-356),river,us,nc,Wake,0101000020E6100000AC00DF6DDEB253C0AE2CD15966EB4140
36259667578780,36.259167,-75.787778,gmt,Currituck County,Ocean Trail,river,us,nc,Currituck,0101000020E610000088A06AF46AF252C0E9995E622C214240
36481807613188,35.802467,-77.607032,gmt,NCEM,Town Creek at Bynum Farm Rd Near Pinetops,river,us,nc,Edgecombe,0101000020E610000008E8BE9CD96653C0438F183DB7E64140
7700,35.46034488,-83.01195014,gmt,NCEM,Richland Creek near Waynesville,river,us,nc,Haywood,0101000020E6100000E31E85CAC3C054C0933DBE94ECBA4140
7710,35.9057888,-81.53297835,gmt,NCEM,Lower Creek near Lenoir,river,us,nc,Caldwell,0101000020E610000077AE39511C6254C0A38A2CE3F0F34140
CHBN7,35.93728153,-79.02571904,gmt,NCEM,Booker Creek at E. Franklin St,river,us,nc,Orange,0101000020E6100000CFEB7861A5C153C0573F57D7F8F74140
Cane River Temp,35.873974,-82.319719,gmt,NCEM,Cane River Onset,river,us,nc,Yancey,0101000020E61000003B3AAE46769454C0F3C64961DEEF4140
FBLN7,34.31357615,-79.03835768,gmt,NCEM,Lumber River at NC904 in Fair Bluff,river,us,nc,Columbus,0101000020E6100000A149C57374C253C01E87664323284140
GBYN7,35.6453,-77.4228,gmt,NCEM,Tar River at Us 264 Bypass near Rock Springs,river,us,nc,Pitt,0101000020E6100000EC2FBB270F5B53C0ED0DBE3099D24140
GTNN7,35.370037,-77.44601382,gmt,NCEM,Contentnea Creek at S. Highland Blvd in Grifton,river,us,nc,Pitt,0101000020E6100000B39D8C7D8B5C53C0ADA7565F5DAF4140
HSWN7,35.71977919,-77.92028879,gmt,NCEM,Hominy Swamp at Mercer St in Wilson,river,us,nc,Wilson,0101000020E61000003AFBF302E67A53C018B278B921DC4140
LEGN7,35.98028,-77.59444,gmt,NCEM,Swift Cr. at 97 Nr. Leggett,river,us,nc,Edgecombe,0101000020E6100000CBDB114E0B6653C02176A6D079FD4140
LGTN7,36.0083,-77.5258,gmt,NCEM,Fishing Cr at  97 near Leggett,river,us,nc,Edgecombe,0101000020E6100000280F0BB5A66153C0454772F90F014240
PMBN7,34.6802,-79.2356,gmt,NCEM,Lumber River at St Hwy 710 near Pembroke,river,us,nc,Robeson,0101000020E610000002BC051214CF53C09E5E29CB10574140
RMBN7,35.9261,-77.8306,gmt,NCEM,Tar River at Us 301 Bypass at Rocky Mount,river,us,nc,Nash,0101000020E6100000B003E78C287553C0AD69DE718AF64140
STON7,35.9683,-77.8497,gmt,NCEM,Stony Creek at Winstead Ave.  Rocky Mount,river,us,nc,Nash,0101000020E610000051DA1B7C617653C0C05B2041F1FB4140
STYN7,35.97814684,-77.97254375,gmt,NCEM,Stony Creek at W. Washington St in Nashville,river,us,nc,Nash,0101000020E6100000780B24283E7E53C02D3E68EA33FD4140
TOWN7,35.7981,-77.5914,gmt,NCEM,Town Creek at Us 258 near Pinetops,river,us,nc,Edgecombe,0101000020E6100000AEB6627FD96553C003780B2428E64140
TRTN7,35.0652778,-77.3511111,gmt,NCEM,Trent R. at Trenton at N. Weber St,river,us,nc,Jones,0101000020E6100000CEF0B09A785653C0D113E0055B884140
WHSN7,34.31701971,-78.70608757,gmt,NCEM,Soules Swamp at S. Madison St in Whiteville,river,us,nc,Columbus,0101000020E6100000C650EB8930AD53C09651131A94284140
WNRN7,35.9939028,-76.9426028,gmt,NCEM,Cashie River In Windsor at S. King St,river,us,nc,Bertie,0101000020E61000008EC7B19A533C53C090B3FA3438FF4140
WSNN7,35.7422,-77.9519,gmt,NCEM,Hominy Swamp at Forest Hills Rd near Wilson,river,us,nc,Wilson,0101000020E6100000FE43FAEDEB7C53C0AC8BDB6800DF4140
